Type,Link,Count,Note
Video,,,
Bilibili,https://www.bilibili.com/video/BV1j6z6YjEzp,8,
Bilibili,https://www.bilibili.com/video/BV1bt421M769,7,
Bilibili,https://www.bilibili.com/video/BV1xt68YqEWz,1,
Youtube,https://youtu.be/HR9dBUivjE0?si=tyo_pfA36SUUVMbJ&t=652,1,
Youtube,https://youtu.be/RhzbqMSWObc?si=YmCCPCgPq6HTl_Dr&t=645,2,
Youtube,https://www.youtube.com/watch?v=A-93fbcmytQ,4,
Youtube,https://www.youtube.com/watch?v=cMeTAkXnAmA&t=347s,3,
Youtube,https://www.youtube.com/shorts/kapmLyQ8cL8,3,
Youtube,https://www.youtube.com/shorts/8wliUQ_u3LY,1,
Youtube,https://youtu.be/RhWRYJlJtIQ?si=5G64DrCRxx0SMQBq&t=891,6,
Youtube,https://www.youtube.com/shorts/sMIHlVx4DQo,2,
Youtube,https://www.youtube.com/watch?v=pkBmxlA1FW8,7,
Youtube,https://www.youtube.com/watch?v=-gl_J1lFqVo,4,
Youtube,https://www.youtube.com/watch?v=3Y2GDwPMHyQ,3,
Youtube,https://www.youtube.com/watch?v=3Y2GDwPMHyQ,7,
Youtube,https://www.youtube.com/watch?v=WuHwBj4njEo&t=100s,4,
Tiktok,https://www.tiktok.com/@cnetdotcom/video/7451608918687583530,2,
Tiktok,https://www.tiktok.com/@travelwithjaro/video/7409604111840218375,1,
Tiktok,https://www.tiktok.com/@clarkodono/video/7362164514877410580,2,
Tiktok,https://www.tiktok.com/@matthewandpaul/video/7403762880396479787,3,
Tiktok,https://www.tiktok.com/@raybanmeta/video/7362221743257226539,2,
Tiktok,https://www.tiktok.com/@janeeva_pettway/video/7402707178307505451,1,
Tiktok,https://www.tiktok.com/@fosudo/video/7372222085759864069,5,
Tiktok,https://www.tiktok.com/@raybanmeta/video/7394943827229871390,3,
Tiktok,https://www.tiktok.com/@shevonsalmon_/video/7401513485051514117,1,
Tiktok,https://www.tiktok.com/@clarkodono/video/7363214396836842768,1,
Tiktok,https://www.tiktok.com/@joshglavinfilms/video/7412539024050572576,3,
Tiktok,https://www.tiktok.com/@raybanmeta/video/7353703521176374571,1,(Added)
Tiktok,https://www.tiktok.com/@raybanmeta/video/7368159658088860970,1,(Added)
Tiktok,https://www.tiktok.com/@raybanmeta/video/7373074549916634414,2,(Added)
Tiktok,https://www.tiktok.com/@robbyandpenny/video/7401270302510042410,3,
Tiktok,https://www.tiktok.com/@robbyandpenny/video/7401270302510042410,3,
Youtube,https://www.youtube.com/watch?v=maQYMLUXXxA,3,
Youtube,https://www.youtube.com/watch?v=pqd2Ut81vkw,8,
Youtube,https://www.youtube.com/watch?v=jr-gI4WJr7U,4,
Youtube,https://www.youtube.com/watch?v=faJl9bCDsgQ,3,
Bilibili,https://www.bilibili.com/video/BV16v8temEXN/?t=272,1,
Bilibili,https://www.bilibili.com/video/BV1Tw4m1k7dW/?t=147,1,
Bilibili,https://www.bilibili.com/video/BV1fZ421u7f6/?t=240,1,
Bilibili,https://www.bilibili.com/video/BV1kbvfeDEW2/?t=555,1,
Social Media,,,
Reddit,https://www.reddit.com/r/RayBanStories/comments/1ccil1f/when_your_hands_are_full_at_the_grocery_store/,1,
Discord,https://discord.com/invite/YnvV4nCeq2,1,
Reddit,https://www.reddit.com/r/RayBanStories/comments/1cgnln5/meta_ai_just_randomly_stopped_working_in_spain/,2,
Reddit,https://www.reddit.com/r/RayBanStories/comments/1c7tcxb/just_found_out_that_you_can_point_to_a_word_in_a/,2,
Reddit,https://www.reddit.com/r/RayBanStories/comments/1eqlc7c/testing_meta_ai_no_rayban_meta_2gen/,7,
Reddit,https://www.reddit.com/r/RayBanStories/comments/1dwhluo/the_visual_ai_is_very_promising/,13,
Reddit,https://www.reddit.com/r/RayBanStories/comments/1cc8qy4/meta_ai_able_to_tell_you_the_price_of_things_soon/,1,
Reddit,https://www.reddit.com/r/RayBanStories/comments/1cf7dat/glasses_as_an_aid_to_the_blind_or_partially/,2,
Reddit,https://www.reddit.com/r/RayBanStories/comments/1cie5d7/solid_ai_response/,1,
Reddit,https://www.reddit.com/r/RayBanStories/comments/1cbxugi/updated_today_meta_ai_in_action_us_appstote_us_vpn/,4,
Reddit,https://www.reddit.com/r/RayBanStories/comments/1cbvdup/meta_ai_look_and_ask_officially_available_in_the/,1,
Reddit,https://www.reddit.com/r/RayBanStories/comments/1d1efwr/using_meta_ai_to_look_up_movies/,2,
Reddit,https://www.reddit.com/r/RayBanStories/comments/1caxyyk/metaai_look_and_ask_can_summarize_full_pages/#lightbox,3,
Reddit,https://www.reddit.com/r/RayBanStories/comments/1bjf5ni/some_fun_meta_ai_hits_and_misses/,5,
Reddit,https://www.reddit.com/r/RayBanStories/comments/1dzamxt/i_dont_think_meta_knows_its_in_some_glasses/,1,
Reddit,https://www.reddit.com/r/RayBanStories/comments/1dzukwg/meta_ai_at_european_train_stations/#lightbox,2,
Reddit,https://www.reddit.com/r/RayBanStories/comments/1cv8r8x/correct/,1,
Reddit,https://www.reddit.com/r/RayBanStories/comments/1c7xm3z/you_dont_need_to_use_the_look_and_tell_me_to/,1,
Reddit,https://www.reddit.com/r/RayBanStories/comments/1dl7mbl/meta_ai_and_carspotting/,1,
Reddit,https://www.reddit.com/r/RayBanStories/comments/1ccfuxl/these_metas_are_coool_af/,1,
Reddit,https://www.reddit.com/r/RayBanStories/comments/1gc691u/weird_meta_image_bug/,2,
Reddit,https://www.reddit.com/r/RayBanStories/comments/1gc0jpt/accurate/,1,
Reddit,https://www.reddit.com/r/RayBanStories/comments/1d9wvx1/interesting_response_when_i_ask_it_to_summarize/,1,
Reddit,https://www.reddit.com/r/RayBanStories/comments/1e0cjfv/accurate/,1,
Reddit,https://www.reddit.com/r/RayBanStories/comments/1bybhq0/early_access_ai_features_are_surprisingly/#lightbox,3,
Reddit,https://www.reddit.com/r/RayBanStories/comments/1dqq8ew/no_more_look_and_but_finishes_with_error/,1,
Reddit,https://www.reddit.com/r/RayBanStories/comments/1cw9efm/whats_your_best_conversation_so_far/,2,
Reddit,https://www.reddit.com/r/RayBanStories/comments/1cp208e/i_bought_this_for_my_lawn_to_plant_grass_seed/,1,
Reddit,https://www.reddit.com/r/RayBanStories/comments/1hid70c/oh_great_we_are_no_longer_able_to_save_the_image/,1,
Reddit,https://www.reddit.com/r/RayBanStories/comments/1h8730q/is_there_such_thing_as_being_too_safe/,1,
Reddit,https://www.reddit.com/r/RaybanMeta/comments/1dvvgnb/rayban_meta_ai/,1,
Reddit,https://www.reddit.com/r/RayBanStories/comments/1gt56zl/meta_ai_can_find_waldo_for_you/,1,
Reddit,https://www.reddit.com/r/RaybanMeta/comments/1c5fgpo/look_and_ask_works_pretty_well_even_though_im_in/,1,
Reddit,https://www.reddit.com/r/RaybanMeta/comments//1ccbhnw/confirmed_uk_android_landing/,1,
Reddit,https://www.reddit.com/r/RaybanMeta/comments/1dvvh28/rayban_meta_ai/,2,
Reddit,https://www.reddit.com/r/RaybanMeta/comments/1g15lpp/list_of_ai_features_commands/,1,
Reddit,https://www.reddit.com/r/RaybanMeta/comments/1cbcyqy/metaai_transcripts_ui_updated_to_look_better_with/,1,
Reddit,https://www.reddit.com/r/RaybanMeta/comments//1f45n5k/rayban_ai/,2,
Reddit,https://www.reddit.com/r/RaybanMeta/comments/1cfalm4/also_in_belgium_update_with_ai_without_vpn/,4,
X,https://x.com/boztank/status/1735768377610866927,2,
X,https://x.com/chrismattmann/status/1774966417194131596,1,
xiaohongshu,http://xhslink.com/a/lWlbPwbzJGsab,3,
xiaohongshu,http://xhslink.com/a/9gNBFpEsWGsab,5,
xiaohongshu,http://xhslink.com/a/AxqwYlBPPIsab,2,
xiaohongshu,http://xhslink.com/a/POghFTfbQHsab,2,
Reddit,https://www.reddit.com/r/RaybanMeta/comments/1hookaw/rayban_meta_ai_is_pretty_bad_but_i_love_the/,2,(Added)
xiaohongshu,http://xhslink.com/a/77S4VHAN8Hsab,1,(Added)
xiaohongshu,http://xhslink.com/a/K4tw0WyGsIsab,1,(Added)
xiaohongshu,http://xhslink.com/a/j5VqiytVaGsab,3,(Added)
Review,,,
Internet,https://www.vrtuoluo.cn/540123.html,4,
EFTM,https://eftm.com/2024/06/ray-ban-meta-smart-glasses-update-brings-meta-ai-features-to-australia-248579,9,
Meta,https://www.meta.com/blog/quest/ray-ban-meta-smart-glasses-tips-tricks-spring-summer-travel-guide,4,
Mixed-News,https://mixed-news.com/en/ray-ban-meta-smart-glasses-will-get-smarter-soon/,1,
Engadget,https://www.engadget.com/the-ray-ban-meta-smart-glasses-new-ai-powers-are-impressive-and-worrying-181036772.html,3,
PCMAG,https://www.pcmag.com/news/ray-ban-meta-smart-glasses-can-now-identify-landmarks-with-ai,3,
Theverge,https://www.theverge.com/2024/4/23/24138090/ray-ban-meta-smart-glasses-ai-wearables,1,
Stuff,https://www.stuff.tv/features/using-meta-ray-ban-smart-glasses-as-better-humane-ai-pin/,6,
t3n,https://t3n.de/news/ray-ban-meta-smart-ki-test-1623598/,1,
nytimes,https://www.nytimes.com/2024/03/28/technology/personaltech/smart-glasses-ray-ban-meta.html,13,
voguebusiness,https://www.voguebusiness.com/story/technology/metas-smart-glasses-are-doling-out-style-advice,4,
Techradar,https://www.techradar.com/computing/artificial-intelligence/i-finally-tried-the-meta-ai-in-my-ray-ban-smart-glasses-thanks-to-an-accidental-uk-launch-and-its-by-far-the-best-ai-wearable,2,
Medium,https://medium.com/@fitnesator/rayban-meta-ai-beta-vs-chatgpt-a33495a1f603,8,
9tomac,https://9to5mac.com/2024/05/10/ray-ban-meta-glasses-review-2/,74,
Internet,https://visionsourceshowcase.luxottica.com/wp-content/uploads/Ray-Ban-Meta-Brochure.pdf,4,